ttype	sample	cosine_distance
OV	S_Classic7	0.06217096855590443
OV	S_HM1	0.09838800443362528
OV	S_HM10	0.18382481188816036
OV	S_HM4	0.22109250626384203
OV	S_HM7	0.23158406450271718
OV	S_HM9	0.062807660133682
OV	S_WGD1	4.985296965012154e-4
OV	S_WGD10	0.2504442362662411
OV	S_WGD11	0.007237842830847718
OV	S_WGD12	0.2914882066813853
OV	S_WGD17	0.13949953793997671
OV	S_WGD18	0.004901737364424119
OV	S_WGD19	0.21133097739312479
OV	S_WGD2	0.08005909293922964
OV	S_WGD20	0.0218312939031704
OV	S_WGD21	0.03587314584411694
OV	S_WGD23	0.16062234437993927
OV	S_WGD26	0.1327386790201004
OV	S_WGD27	0.03550854216737398
OV	S_WGD29	0.059262095210946164
OV	S_WGD30	0.1475521908933508
OV	S_WGD32	0.1021942876311932
OV	S_WGD33	0.11214957059909803
OV	S_WGD34	0.08872063147535947
OV	S_WGD37	0.08960448283933475
OV	S_WGD38	0.008229208242275354
OV	S_WGD39	0.02452118686151361
OV	S_WGD4	0.07771074324876515
OV	S_WGD41	0.005059661006227456
OV	S_WGD42	0.6589397067391005
OV	S_WGD9	0.10142806714256081
MALY	S_Classic17	0.24283462672947465
MALY	S_Classic22	0.4308634890215348
MALY	S_Classic27	0.2246582109984644
MALY	S_Classic28	0.13881492913075544
MALY	S_Classic31	0.09011513928655135
MALY	S_Classic44	0.027085998179602222
MALY	S_Classic49	0.15477831065720193
MALY	S_HM1	0.16191488433048062
MALY	S_WGD3	0.03011536453747876
MALY	S_WGD6	0.17471680110668186
MALY	S_WGD7	0.09591792218278283
MALY	S_WGD8	0.0245950240537548
LIRI	S_Classic104	0.014239454372312554
LIRI	S_Classic17	0.0012130612429059884
LIRI	S_Classic41	0.1791673538714751
LIRI	S_Classic47	0.022842757974768424
LIRI	S_Classic48	0.0779412485066322
LIRI	S_Classic50	0.0087900428517671
LIRI	S_Classic59	0.151205640927911
LIRI	S_Classic6	0.20477720215999862
LIRI	S_Classic76	2.2779297823405376e-4
LIRI	S_Classic77	0.02572811793401164
LIRI	S_Classic79	5.098534053682435e-5
LIRI	S_Classic88	0.002655713586810937
LIRI	S_WGD14	0.018683762482444854
LIRI	S_WGD24	0.012914605257649203
LIRI	S_WGD28	0.0022736258828420786
LIRI	S_WGD6	0.012864851269632105
RECA	S_Classic12	0.031140369132472534
RECA	S_Classic24	0.26157104551513255
RECA	S_Classic31	0.13423142339496674
RECA	S_Classic5	0.027547590952352374
RECA	S_Classic7	0.13176506862967186
RECA	S_Classic8	0.1344040417671546
RECA	S_HM1	0.1866033825661978
RECA	S_HM4	0.37316832391081645
BRCA	S_HM2	0.02357998775841963
BRCA	S_HM3	0.043157575591237674
BRCA	S_WGD12	0.17692116219918974
BRCA	S_WGD14	7.875541198965053e-6
BRCA	S_WGD15	0.0029673543278710968
BRCA	S_WGD17	0.003716558234822309
BRCA	S_WGD21	0.04277457166687504
BRCA	S_WGD22	0.03439180079581261
BRCA	S_WGD25	0.011722250300786774
BRCA	S_WGD26	0.05049610713996866
BRCA	S_WGD27	0.0011795904499714016
BRCA	S_WGD28	0.2156239814365648
BRCA	S_WGD30	0.001645565798294668
BRCA	S_WGD32	0.018307489988401593
BRCA	S_WGD33	0.0012459337006640592
BRCA	S_WGD35	0.007495278682806972
BRCA	S_WGD38	0.02501685189833991
BRCA	S_WGD4	0.02450088863255051
BRCA	S_WGD6	0.02521239803456632
BRCA	S_WGD7	0.002648107484799933
BRCA	S_WGD9	0.05597299344944817
PACA	S_Classic20	0.15582150690367924
PACA	S_Classic21	0.03281487123157678
PACA	S_Classic46	0.39340044979251987
PACA	S_Classic56	0.33373720850713984
PACA	S_Classic68	0.059979775299910054
PACA	S_Classic94	0.15015651046864043
PACA	S_Classic96	0.03461426652466171
PACA	S_HM1	0.015901221679878508
PACA	S_HM2	0.09102859021597587
PACA	S_WGD1	0.001445004881283407
PACA	S_WGD11	0.008778647339088175
PACA	S_WGD12	0.059000980082398735
PACA	S_WGD13	0.07178420502556404
PACA	S_WGD14	0.0011254630339452287
PACA	S_WGD20	0.004019012517295639
PACA	S_WGD21	0.002614932453917085
PACA	S_WGD23	0.07052016499319402
PACA	S_WGD25	5.4000115502272905e-5
PACA	S_WGD29	0.06176563232592347
PACA	S_WGD30	0.04860913780515819
PACA	S_WGD37	0.010423370219039052
PACA	S_WGD39	0.006300488745651256
PACA	S_WGD4	0.0017946676095020875
PACA	S_WGD40	0.004844433838261053
PACA	S_WGD43	0.001690405798369321
PACA	S_WGD46	0.013678593862285093
PACA	S_WGD5	8.428693502108286e-4
PACA	S_WGD53	0.0017987802313433887
PACA	S_WGD56	0.04178926963022511
PACA	S_WGD65	0.005390705580269994
PACA	S_WGD70	0.030171258988012317
PACA	S_WGD9	0.010706659024069087
PBCA	S_WGD15	-2.220446049250313e-16
PBCA	S_WGD17	0
PBCA	S_WGD25	-2.220446049250313e-16
PBCA	S_WGD27	0
PBCA	S_WGD28	-2.220446049250313e-16
MELA	S_Classic1	0.005683947902615727
MELA	S_Classic10	0.02964537563457581
MELA	S_Classic15	0.010632573632504583
MELA	S_Classic17	0.01261302817498422
MELA	S_Classic19	0.004757350009425565
MELA	S_Classic4	0.007958159960745226
MELA	S_Classic5	0.10587791608911046
MELA	S_HM3	0.068212682756281
MELA	S_HM6	0.009328577747278688
MELA	S_WGD12	2.9133443357975963e-5
MELA	S_WGD13	0.03851262193866756
MELA	S_WGD14	0.030787348969062323
MELA	S_WGD16	0.01335492730171628
MELA	S_WGD2	0.010294078947799878
MELA	S_WGD20	0.022793139627933834
MELA	S_WGD23	0.15634312829329655
MELA	S_WGD30	0.0028463423837779
MELA	S_WGD31	2.9255363700864123e-4
MELA	S_WGD9	0.03303482008929015
PRAD	S_HM1	0.13600133515081914
PRAD	S_HM10	0.1400383388946792
PRAD	S_HM12	0.022543888532814416
PRAD	S_HM15	0.12979708565514503
PRAD	S_HM17	0.06622305098102477
PRAD	S_HM18	0.3259643816961737
PRAD	S_HM3	0.010156195933211376
PRAD	S_HM4	0.1591231582989061
PRAD	S_HM5	0.025086708497786048
PRAD	S_HM6	0.18186155071834997
PRAD	S_HM7	0.1647614869850056
PRAD	S_HM8	0.237081197095123
PRAD	S_HM9	0.4156968757693693
PRAD	S_WGD1	0.1948271289137351
PRAD	S_WGD11	0.20752996899790466
PRAD	S_WGD14	0.18985515067410397
PRAD	S_WGD15	0.15942399262816465
PRAD	S_WGD16	0.15395274016610516
PRAD	S_WGD18	0.3153710577732072
PRAD	S_WGD19	0.19867389305841066
PRAD	S_WGD2	0.18595459911889234
PRAD	S_WGD20	0.3206303045144846
PRAD	S_WGD21	0.261434810044576
PRAD	S_WGD9	0.14059510900091077
ESAD	S_Classic8	0.0180338163831123
ESAD	S_HM10	0.04930016113669977
ESAD	S_HM11	0.006221552904104755
ESAD	S_HM13	0.055645776348574594
ESAD	S_HM2	0.01217738211990027
ESAD	S_HM3	0.041029169512403096
ESAD	S_HM6	0.12017614448228886
ESAD	S_HM8	0.075449673642905
ESAD	S_HM9	0.027443647345827826
ESAD	S_WGD1	0.05853218975362373
ESAD	S_WGD11	0.06960513998765527
ESAD	S_WGD13	0.09980580694558683
ESAD	S_WGD14	7.56849956909944e-5
ESAD	S_WGD15	0.036433920866924985
ESAD	S_WGD16	0.08518395825187397
ESAD	S_WGD18	0.09515613966058956
ESAD	S_WGD2	0.021773797063907474
ESAD	S_WGD20	4.153479339801258e-4
ESAD	S_WGD22	0.029589271027803954
ESAD	S_WGD24	0.041781622108251204
ESAD	S_WGD27	0.42771414428634824
ESAD	S_WGD28	0.03419172554411598
ESAD	S_WGD6	0.08581794221084882
ESAD	S_WGD7	0.010047612916727178
BOCA	S_WGD1	-2.220446049250313e-16
BOCA	S_WGD12	0.0031806420649085343
BOCA	S_WGD13	-2.220446049250313e-16
BOCA	S_WGD19	1.1102230246251565e-16
BOCA	S_WGD2	-2.220446049250313e-16
BOCA	S_WGD20	0
BOCA	S_WGD21	0
BOCA	S_WGD4	0
BOCA	S_WGD7	1.1102230246251565e-16
BOCA	S_WGD8	2.220446049250313e-16
